title,artist,spotify_id
Bakchigi,kaogaii,6yd5t2nC2Trq7XbtqaiLPU
Sweaty (Feat. YUJU),kaogaii,0Tagmg06NvinbqMx5RUXrz
Drink Or Nah,kaogaii,1FI4m6OZmHL5z7vJjft1ZH
시티백,kaogaii,68bejwTiIrMg2HoBH3hfH4
Arirang,kaogaii,1Ub39u2U3z8VcTVRQhYZzn
Till I Die (Feat. KHAN),kaogaii,2Ej5DF5dI8Lniv8WCry1w7
MONEY GAME,kaogaii,0Q6RrKq2dCxteHUpbcJNZQ
Go Insane (Feat. Loopy),kaogaii,0D1XTPsaKK6uDjlGz0ZYRE
Where You At (Feat. Kohway),kaogaii,0Ck7t2hFDZJtetBHJjcR6N
skrrt,kaogaii,0ZopnYdYVfRuC3CXVn9SvK
아리랑,kaogaii,2pnT8ZqmvtyZwlORE7ecF5
Fxxx You Very Much (Feat. Huh),kaogaii,0ucVBzBtCGH7sUdXREEwxe
GoldStar APT,kaogaii,5qg4sLJfvH1xjfg3N1JDfk
If I Ain't Got,kaogaii,2bCjCnuYxds3JhLlItxwrD
Talk To The Wall,kaogaii,74CDhgC0ie4Ig5g55fQUhE
MONEY GAME,kaogaii,5rrmEONQGdilJ4OXcX8M8T
@kaogaiiwtf,kaogaii,2b1YPiEGTwuIydin63kUgk
Big Mouth,kaogaii,0kOWQfQB7GaMJNFUZcegTq
IRIVER,kaogaii,2vPJN1Dzcx49a3GlF7tgmH
Come Over (Feat. BLASÉ),kaogaii,5DKXZHVkmW8kXTWqPVWHdr
Way To GangNam,kaogaii,5WWiIJC0Qijfq780tOWnCA
2005 Freestyle Summer,kaogaii,0MeuQf3pAt4iDbclElXpjo
Bakchigi (Prod. Nutty) - Instrumental,kaogaii,1XfAvclRS0qIsH1Nsq6NCQ
Homie,kaogaii,1wIydHe80OV6TvCZHXPYtT
I Don't Know,kaogaii,1iLS6pQGI6p5D1Fzd1ytF9
Yoo Ji-Tae,kaogaii,5ht5ZKk87jDQsFmQERLzgR
Showdown,kaogaii,7n5zEvc42vXgrxsyeTaSBE
Headbang (Feat. Kohway),kaogaii,0KxkbigdxaTzzhDb2uK5tv
Street,kaogaii,0dWZwNt4tQRlsgtHGhojEy
Herbalife,kaogaii,7CIu79jP5n00mb0X33Tt7C
Interior,Kim Ximya,064W66ohIhy6bVFWxce2sL
Forgotten,Kim Ximya,5BWYPcRaZtuVX9jaQpnY4g
Money Flows,Kim Ximya X D. Sanders,07EGUIshcRwNXCSx2oEHbb
Process,Kim Ximya X D. Sanders,4h9aiixeduUm73s4vJdxAa
Career High (Feat. Cautious Clay),Kim Ximya,5oNdHXUhAsD5lXE3sBosm6
Looooose Controlla (feat. CL),Kim Ximya,17VC9CgiudJbhfOG8mRqwi
Dance,Kim Ximya X D. Sanders,4AsLNBAH1MqzyN8VsGy2G7
Moonshine,Kim Ximya X D. Sanders,6Pr4Tm5ANXWtoHSsBOlsue
Take a Look (feat. Masta Wu),Kim Ximya X D. Sanders,4X0FRVJYB9Cr7cg6QTy357
Flowers,Kim Ximya X D. Sanders,5aPsPSX0mI1wgAXLoPctUR
Outro,Kim Ximya X D. Sanders,7uSLXZuARe6XmWcKqza7w0
사랑같은건,Kim Ximya X D. Sanders,5YPhFJ0PNG9vD5hTLXIpzx
BOTH KNEE TOUCH THE FLOOR,Kim Ximya,5uHzpZmpyd8LCNo7tU963o
MOO OOH OOH OOD,Kim Ximya,2v79oMm5DBfGzeHDalQFSD
Runner's High (Feat. Cautious Clay),Kim Ximya,3X8QQw2gvBtREJM8opnBWZ
Uainrealli (feat. Y2K92),Kim Ximya,7iB1QmtlrfDfiVbat5RY6k
0 Balance,Kim Ximya,5iXA3gYb5X8nY60zwc7MXb
Drive Slow (feat. Rad Museum),Kim Ximya,5IKGBT5nv4lEeqGlyCZ205
Walking On Thin Ice,Kim Ximya,5Ino5rIXFrzPhR7cwiHoJC
Comintoya (feat. ELHAE),Kim Ximya X D. Sanders,4Umd056O2Jf8N9Dj9W3xlX
Baggage Claim,Kim Ximya X D. Sanders,2kQ1I35rUm5Y1Ztz2UacUc
Closecall,Kim Ximya X D. Sanders,48DoC8ZqpsyPskPhfq7dUs
"Okay, Dial It Up, Call Me",Kim Ximya,1yW61v72KsF1wVK6HZOgRp
Butting on the Glass,Kim Ximya,1C11KbvPNG1nhTMkE9VRjb
"Don’t Kill, Don’t Spill, Don’t Steal",Kim Ximya,1nZ4gBw63ajqHZHsDpmsyR
GAWI,Kim Ximya,4MCoUDAuGqhE84TtXFYcfI
TALK TO THE HAND,Kim Ximya,4mKfhzJejE6AWBT0KalaiP
When the Right is Wrong,Kim Ximya,6GZdNxTybs5Z5jBj2dIXOz
WAY 2A HEAD,Kim Ximya,4vEI1sDxqzjteNYL9JYkUi
FRIENDS GO FOE,Kim Ximya,4RXo0smHrIPDjQRb67LYRv
Hope You're Doing Well,Kim Seungmin,15D4iY3vp1lO871Ed37joF
My pleasure Is That You Ride The Bentley,Kim Seungmin,7DwLpBaYzlV4EQaNMzm9Bs
"One, Two (Feat. Punch)",Kim Seungmin,7Ict85eqFVFqUp6ogAjaV1
10°0' 0° N 118°50 0° E (Feat. ASH ISLAND),Kim Seungmin,7eFcdt5qY4Vj2KaYnG5NkN
Deep Sea (Feat. BE'O),Kim Seungmin,1yaEsGauwkaJsu2RO0rFLg
"This song (STUDY GROUP X Kim Seungmin, Skinny Brown)",Kim Seungmin,0ZDod3umane8yhiFprEx34
HER,Kim Seungmin,2N3gaHiGUQsIFCWn85rFnO
"Drivin’ (Feat. Layone, BIG Naughty)",Kim Seungmin,1x8waytyN4BfxrkuoQsBRT
Lie (Feat. BIG Naughty),Kim Seungmin,6H9vbCPubW2x7rD5mMsrJJ
Chase the Star,Kim Seungmin,3pb4DaERV8eAcwRwwCxC3G
Abandoned Dog,Kim Seungmin,4n73ls1qXd8SPVFua9GZdo
Lovin' (Feat. Han Yo Han),Kim Seungmin,3M2ttw7ucRZFMjBDtOHwkI
Halfway Off The Rooftop,Kim Seungmin,6hhiqcbZAA0LX6wHzUHNNV
Half of Me,Kim Seungmin,6PamJ2UnSulqQh7ctzSxzu
Outside Your House,Kim Seungmin,4dXmss2kPuMWPOM7Cx13kq
"12:45 (Our Secret Diary X Kim Seungmin, Cosmic Boy)",Kim Seungmin,6ouTnX0kt4EiXtiDlPXBjn
Gyeongsan-si,Kim Seungmin,2XdZkoQYRyn0KNcz0B9Thx
Unreachable (Feat. Milena),Kim Seungmin,3L0ipvNeREfCAJWCPaweUu
All Day,Kim Seungmin,4E9kCEWanRaTiaMlyCni7M
Be Okay,Kim Seungmin,3vgmgQaJm40kRvDDCeOpkJ
Town,Kim Seungmin,04oncmFaqj3de3jLki8K7H
Switch Lanes,Kim Seungmin,1gxcIGC0JpsyvPpY1JPI6v
Song (Feat. Han Yo Han),Kim Seungmin,6FoIibxckGhCrtrDZZ3tEE
"One, Two (Feat. Punch)",Kim Seungmin,54rGyf8W22CzFhQWlMAM4g
Blame (Feat. Chan),Kim Seungmin,7kIKIsLBLGMWZxWuDffixb
MIA,Kim Seungmin,7pQDMCdLyKTfUBqdGkw0CF
BLUE EYES,Kim Seungmin,4rhC56fk9HKcA0vT83H3um
Unreachable (feat. Milena),Kim Seungmin,4hHIKPMrkukqNBA377ddgI
Gas Station (Feat. DEREK & Skinny Brown),Kim Seungmin,5b1JaDIiuFxAhZ9x0wOmzT
"Drivin' (Feat. Layone, BIG Naughty)",Kim Seungmin,0RvBLaujbbruFj6T3hdlVA
New Kings,Keem Hyo-Eun,2SXmcvPunWNXunWuGOeSsh
Come Back,Keem Hyo-Eun,2TyhDq6bTmFuEwmKSW1Zua
XXL,Keem Hyo-Eun,5Tym9X0OrYDhWLqX2X5qEa
PAE,Keem Hyo-Eun,4ZTrQfnM9VE2cr7WyWRDz3
sweet dreams,Keem Hyo-Eun,2Wxkr0aeY7JjLDUW3FfpFh
love ?,Keem Hyo-Eun,5wLR61x054XpOnYM6SOaIy
square one,Keem Hyo-Eun,3KH1JQyHrB3boJpEVRsV1q
Finally remix,Keem Hyo-Eun,5Xn5wFwwKmkjsQpQo67Y16
Baby,Keem Hyo-Eun,09LGaJUKYfSHvq7Q6b0bts
MONEY RAIN,Keem Hyo-Eun,1YbVUdvO2FZ0PsoYfC472M
Sailing Boat,Keem Hyo-Eun,28LXvrD3H6zb9Mfv7L5ZOx
grow up,Keem Hyo-Eun,2LpRnqs9IwKMI8RdYFZF4s
city light,Keem Hyo-Eun,1UCoIhGIA2aeyQk64ho2G7
hip_hop_,Keem Hyo-Eun,19yxkg8Zm33knJr8EfNG1y
GoinBackToYouWithThisSong,Keem Hyo-Eun,0UFz97mEbYz25cu1OA0kl0
her,Keem Hyo-Eun,4I0ANQsYmQNQtlNcZFeN7o
Rap Star,Keem Hyo-Eun,6NihAcG4kJ13X1gIfs0yXO
Boss,Keem Hyo-Eun,1Z54JutunmO1gLHjaJUp6R
Shadow,Keem Hyo-Eun,2IvcuZBMpUV33KQiWkShff
daydream,Keem Hyo-Eun,03u6vAFQqm50oVFHNGIpAB
pink lens effect,Keem Hyo-Eun,2E7GcKCOJEE294AdvOgAxA
Take Care,Keem Hyo-Eun,6wI32jcffEI4rbpSqv0War
Jayourowoa,Keem Hyo-Eun,7t0OPzCZzezIXqa50JlhH9
interlude,Keem Hyo-Eun,5Y9d6O994n6x0OWU5bmIep
Finally,Keem Hyo-Eun,6OUZfEyyYTHmlPFbeOrcSC
LA LA LA,Keem Hyo-Eun,6uaGJVsuBVoGHdKNE2gboD
SONAGI,Keem Hyo-Eun,1TwxpdEsjVOPhSs3igbq7v
Beautiful Life,Keem Hyo-Eun,3EZS155EgOD2EwwzXCgzI8
Hit Em Up,Keem Hyo-Eun,2xvIbjW9O2lCHkSSqEYIPy
her,Keem Hyo-Eun,0B92SCVFDUbwinbTLPTX0r
LOVE LOOKS PRETTY ON YOU,Nessa Barrett,5JoJcuOsBkwRusNgq04nsT
la di die (feat. Jaden Hossler),Nessa Barrett,3RLshk3cDQOqWhSIRCVaXL
P*RNSTAR,Nessa Barrett,0IVAYMUDvpzFxIEuGc71SM
Buffalo 66,Nessa Barrett,1mMxIUFIpF3K5YJ6UXHTKd
die first,Nessa Barrett,3TfDUStpnEVIlsNlgcKQgJ
LOVE LOOKS PRETTY ON YOU,Nessa Barrett,5S48exJMllV1UZfluzUpbp
Stay With Me,Nessa Barrett,5Lu0RsvwyI37fzUAjIb6RL
dying on the inside,Nessa Barrett,6h1s7cKnUtsbRpE5bwnUTf
Buffalo 66,Nessa Barrett,2z0kgKZro0Ul8DtORoGoGe
PASSENGER PRINCESS,Nessa Barrett,6ob8d5WCrcxYGwBy6wLeQ1
PINS AND NEEDLES,Nessa Barrett,6GZVFBsEiWVxWS98yU35F6
die first,Nessa Barrett,21szgNA72iLwvBxHQLgwBh
High On Heaven,Nessa Barrett,4VDT0bb5RpkfoUoiVjGlrR
lie,Nessa Barrett,2GQqCyDCD0Z7BL2otJkFRh
i hope ur miserable until ur dead,Nessa Barrett,4ka1FkKAMde6dQAFFMXKac
DIRTY LITTLE SECRET,Nessa Barrett,2LaLzmU2vny0lwlyi6sCp2
do you really want to hurt me?,Nessa Barrett,2xMY0vcPCP5GHHqom5i6Gl
'Til Death Do Us Part,Nessa Barrett,5THNBQK9Nq8gGqENHBvDpL
lovebomb,Nessa Barrett,6g5ToBz8mGURaauPqfyYvU
american jesus,Nessa Barrett,6gnjE8oBkosBIEZroEjq4I
girl in new york,Nessa Barrett,3eGIiMTMZduPDb4MN0NTqD
MUSTANG BABY (FT. ARTEMAS),Nessa Barrett,31rLeplcJIGfbvUBpPa9f7
DISCO (FT. TOMMY GENESIS),Nessa Barrett,2kiZ6klK4KFOAMEmj66WYg
West Coast Prayer,Nessa Barrett,5LathR6JPE1xSQa15wVbzD
gaslight,Nessa Barrett,1w6EDue1Ze95AzYcjr8ED3
club heaven,Nessa Barrett,1nO6DT2QIYTxwLGrfQvIt3
tired of california,Nessa Barrett,2SOhUiyKpnlshR3SFh733w
madhouse,Nessa Barrett,1s9e1EBT6eYbDOneeBB6r0
Khi Yêu Nào Đâu Ai Muốn - Remix,Ness Remix,57Nj4Mh6VwcaYtL9tco1uY
Mở Lòng Vì Ai - Remix,Ness Remix,6bniRGqGUVVLoDhogxAPDr
"다 무거따 (feat. 오왼, ST Abel, KOR KASH, Street Baby, EK, Kevin, TOAST BOY, AMONG, Young Harry, CHERRY BOY 17, Ponyromo & BigBaby) - MEGA MIX Version",New Champ,31b5jeEedZPIaywHkhvzgy
"Drunken Tiger kids (feat. Innovator, Gwangil Jo, Sikboy, WONA & Jung Sangsoo)",New Champ,2sksHwq75PdCJItBDL3NWo
나의 투쟁,New Champ,33NrktsmuB62oIDLfQAoRN
"YAHAGE (feat.kyebumzu,Ji heepil)",New Champ,3DO0X0GrcdQLcj7fgCupAo
"개릴라스탕스 (feat. Jayho, 콸라, 넉살, 영제이 & 사무엘)",New Champ,6ohWkIO6oi2yFzbApH35Rx
New Champ (feat. Joosuc),New Champ,6ZUgDMc1UclhzzATKKEUBm
Mercy is dead,New Champ,6RJOMnyLHffgJ8lNQmRYnQ
"다 무거따 (Feat. 포니로모,빅베이비,코르케쉬,스트릿베이비) (prod. Hecop)",New Champ,44cvSaMj1fBDOGH8kbWVA5
"다 무거따 (Feat. 포니로모,빅베이비,코르캐쉬,스트릿베이비) (prod. Hecop)",New Champ,0z5k55kt2TX6ejQsihr8jS
Fauda,New Champ,3eiaEJrmaDn6M8uIWRGBeO
"머뤠이remix (feat.호미들) (prod.EightySix,J.fool)",New Champ,7LSux9BpHCYuWfnDJ3mcr3
Bastard (love pt.4) (remix. YGF) - Remix Version,New Champ,3YTanS0sFg9BttOn1Kj85L
I Know Everything,New Champ,7hcQ8yEYPsIs7wBJro7WXw
"YAMA (feat. 백윤우, Lee rio, KESPESHINE, Nsb(hamseoungbo), MOJ!AL4, Spata, Uoo, BESTBLY, GYECHA, 2ADY & 여수룬)",New Champ,54Qg0zpGDC9qbu6va6GZcE
20102020,New Champ,3MWWfeKUoE7RSVGbMqC9Qb
Mercy,New Champ,5QWj2hpgRZvvX5yi3HOZsp
"다 무거따 (feat. 27AP, BIGN, dura@ce, 강석주, choi2kyun, BigBaby, kimite, South Korean baby, koreanboi & YNG KURT) - 2 MEGA MIX Version",New Champ,02bxS1xLkkUQ9I1w5F5PxD
"The Kingpin (feat. 2Key, Young ICE & Dominico)",New Champ,5Db3p8nbfgxSCNOTrS9qHU
Definitely,New Champ,23tPiUwaioAlT2Dm6aNNMt
"Daese (psy Bro) (feat.Don Mills, BewhY)",New Champ,3p8nuKzobsVzYGjKgFCxjX
Revenge (Skit),New Champ,1OWmx9hJa5E8hTxM1hMLLd
Underboob (love pt.2),New Champ,1lsJxm3b25w9GlDszHl1nZ
Making Love,New Champ,1hxgf1D6zpJruF2CJEfZIi
hotel mi casa (feat. illioN),New Champ,7IO469py2f97crIqxRytVJ
Hacuna girl,New Champ,4gE6t1R2kJW7LKU2ZvkiAA
Caesar (Feat. Richboy Hardy) (Prod. Kingxmags),New Champ,0COzTH4DHjG3p2lZK7fBwH
Bmf,New Champ,1AvQ2z67p1VbsoaRZuDoDe
FOREVER,NO:EL,2tct7pqRDHjt103WB4sNGR
Off my face,NO:EL,2FHN1yeUG0110yvl3Ze8F4
Damn! (Feat. Black Nut),NO:EL,1fkgcLWZQkLzFBrm1TAx0z
Dumb,NO:EL,4c6aB1I4DOSweH2DXaqefZ
I'm gone,NO:EL,4Ka1Xvh5Xpl5gaqyB44xg2
굽 (feat. Loco),NO:EL,6oAd7vjQSvS3Z3S5VxQQ03
yangAHchi,NO:EL,6iO7E52SdD7zfz0X5YoBu5
Ride or die,NO:EL,3Iay0tjEzlUJxrmZf5UR5R
Flower (Feat. Benzamin),NO:EL,50w1OKviRH6Mgf7JiQ0DkB
Cold winter (Prod. GRIO),NO:EL,05rtraXV60p22qXHmy2Agu
FML (Fuck My Life),NO:EL,2qyMzR8K97gkb28IX8DAWv
asteroid (Feat. MELOH),NO:EL,2r2v5xpRJe4hdAdC8FRHeB
You (Feat. DON MALIK),NO:EL,5vAq7vqh9HUPR5LHPFTI68
Alone,NO:EL,24WiM4edp2j6Jm4cqDEWGs
BXXCH (Prod. GRIO),NO:EL,5YljdspJiLWYeH8nnu1jMo
Once upon a time,NO:EL,65FDIYDN6hS2knqOuwDPVD
Fucking Obvious Love Song,NO:EL,018QNEOj1L9GlJfDHky9ZQ
BAD TRIP,NO:EL,6DLTAb7Ldx9eGnp33m17fH
Bad!,NO:EL,35E5leD1ASxuoiqkObSEAk
Immature,NO:EL,5skNVWTumifJA4RNVB6Xj9
Celebration (Prod. By Minit) (Feat. Jhnovr),NO:EL,5JSsQNaAVNYAmjZex0jC4X
Acting Award,NO:EL,3vKj1ctgVqxftl9sA1HR2h
Pass Out (Feat. YANGHONGWON),NO:EL,6eHrcGzA46QzywYBYiLuwV
Runaway,NO:EL,4IVw40uflefuvuvU4zHH2c
230611 Freestyle,NO:EL,1b9EKp86RcXXx1Ewflgpqi
Year End Party (2017),NO:EL,0g2fonzr3aXrA4mJMpdwKl
Acting Award,NO:EL,1KBQ5PohpKrslfiMH9NTFw
Ain't Got Shxt To Say,NO:EL,0g89EP3qZEpwFFZ3IXSuLo
Seoul (Feat. Huh),NO:EL,6amJOWamF7tolut1VJcM8N
0.0 (DOUBLE O),NO:EL,6v4b1pOQzYbyG0MRvzjcAV
the green planet (Feat. J-Tong),northfacegawd,6ZRzcyx079LfWFFtBUaGLp
Bokdukbang,northfacegawd,4hbTXShEqT58auNWQ7KCKG
Bokdukbang remix,northfacegawd,04eSMc5jVgEPOL2VzLO9VO
Juice,northfacegawd,4ZNzJW10hjSdISfQs8M1s2
in the club,northfacegawd,7CBgN7DtI8FyZkGpKferGK
Bank Account,northfacegawd,0uql5xBCTyBjkNOw8xRczp
Ballin',northfacegawd,4uhT2TiiHrY0OAJIqt6h9U
Favorite Food (feat. Don Mills),northfacegawd,6IKtVImG4P0PFtIz2dkcrM
Black Airforce 1,northfacegawd,53gfqsMbGQjXtfZmtFXwyJ
Never Going Back,northfacegawd,750HMnSVHN0IJiAxYNzOAh
Hml,northfacegawd,0PALrfLjqiUWaIPugY6PBZ
Save the green planet (Feat. J-Tong),northfacegawd,6FQYRKANkqHIZtLjPJqsDV
Hide on bush (Feat. 40Faygo),northfacegawd,21ViqdWCtt9698G77GDQ95
Papi,northfacegawd,2p8l8Fl0SD6QFoO6lrEdmR
Python,northfacegawd,4qcZag2BypWhAecioFg8ut
push me,northfacegawd,75WZjYd60FPjAPyS1Jlovy
murder dance,northfacegawd,7lRDFjZMfPN3FF5Gb7eZmv
All new year (feat. LIL GIMCHI),northfacegawd,3Y8nGonlGlKftcLUW5zmKY
All up on my jeans,northfacegawd,00DOXEnSZakngRvG90Qdze
Broccoli,northfacegawd,5xljXjEejpjZWv1VeRMomC
Drive,northfacegawd,05LEAYtwPBmiWTQhQJesUz
Hottest (feat. Briel),northfacegawd,6Fj2NopxeLzF0GS6q1Whr9
Safe freestyle 2 (Feat. KOR KASH),northfacegawd,4Kdt6kaLcCF6SJm8eYq01u
Hyper Obesity,northfacegawd,7IajcT7Oziha8KLSDF6Qtg
Adrenaline 190,northfacegawd,2NA4YUOewYfALw2ZyRZ7im
Hammer,northfacegawd,7oxftyRN2AbI0a3QRvtIp3
Still,northfacegawd,53gFdsVnLioucropJOrUA6
Bankroll (feat. Bawla Gang Banger),northfacegawd,1v2jyX8iAIuoir0Tqx7pBe
Blue Benjamine,northfacegawd,5BwrFEHEjocCXcxRRcSikI
Fufu,northfacegawd,0DGIP538fbWjxY5qFFPWis
TROUBLE (Prod. Slom),Don Mills,5UJTNrW72ZMubW2wKBf8g2
"대박인생 / DAEBAK Life (feat. Northfacegawd, UNEDUCATED KID)",Don Mills,1w0ZVSBdE3Th1Ho50VQn4H
"A Ground Header MEGA Mix (feat. 김모이, 스카이민혁, SINCE, 토이고, Street Baby, 키츠요지, K$AP RAMA, Poison Mushroom, 오담률, CHERRY BOY 17, 노윤하, 그냥노창)",Don Mills,1gfm1c48UetQVzH6jaHWnl
"미래 2 / MEERAE 2 (feat. KHAN, J4 Prada, Polodared)",Don Mills,5ZnFaZ7CAfQ16f1DtkYSn8
Hey! it's a secret,Don Mills,2eLxkkzMKvgGMVpEVK4791
"대박인생 Remix / DAEBAK Life Remix (feat. 로꼬, ZENE THE ZILLA, 창모, Queen WA$ABII, 먼치맨, 수퍼비)",Don Mills,4Pa6pZ6Y2R3Bzo2eIB9mU6
"CHAMELEON (Feat. SUMIN, Dbo) (Prod. SUMIN)",Don Mills,7CP1u7vb5Yyj9qz2e6Ulnk
MVP,Don Mills,3kM96zt7iGGgwKDtxXBcJx
Kingsman,Don Mills,0TCBtHQbgBbAoG5jTxcIJq
88,Don Mills,0MaozTtiw4qrNo1LTnudRw
"88 Remix (Feat. C Jamm, Olltii, PSYCOBAN, WUTAN)",Don Mills,30rVR8FgDgwA87PcS9Hz6J
OKGO2 (Prod. HOLYDAY),Don Mills,5OckvleM32CdLkp0GPOfhl
"Mills Gon Do It REMIX (feat. Woodie Gochild, ZENE THE ZILLA, EK, BILL STAX, ODEE, Deepflow, 창모)",Don Mills,3r5H15BkEeBYbtSlyewweK
Ssal (Feat. J-Tong),Don Mills,0qVoLI0cAStArr9V6dRDUP
? (Prod. GRAY),"SGBOYZ (Jay Park, Don Mills, Loco, Nucksal)",1lVU264I9zQ24l1RnPLPDQ
Art of Boxing,Don Mills,7pGoNNuWvhCF6PY1BnPAJp
"Ye I Need (Feat. Nucksal, ODEE)",Don Mills,1d8EcHq1juKcFzDTIMg4sm
돈이 밀려오는 스타일 / Don Mills Style,Don Mills,4xmxQA6MGozU2iPXZvakRS
Don Mills Glock (Feat. Owen),Don Mills,31b1NL1vOubaVh7SGx6Val
"Wild Hiphop (Feat. C Jamm, Okasian)",Don Mills,0o4nvQn8ffqCEtxhh2zIV0
Totally On Fire,Don Mills,0PLnzBfbz9y1Oy6aleNAI1
미쳤었어 / It Was Crazy (feat. Beenzino),Don Mills,4nSms0PmwDWkQdchtrlJTV
88,Don Mills,6jZBQdjwGUHVboxfnUWKZb
Spicy Love,Don Mills,7g2uSvM3gC1xbFqXvwWrOW
"OK Remix (Feat. Polodared, Tray B)",Don Mills,0RfnB3S7U57KwuF1OPT9Ws
a ground header (Feat. KOR KASH),Don Mills,3tjVPCqnTcgkDWLhHRP5wO
"Dope (feat. Son Simba, YANGHONGWON)",Donutman,7yjPd6j3nXsVm7Rp6xx3Gd
hurt (feat. punchnello),Donutman,1mtWYUcdHan2qswSYjeAzx
Coin Laundry,Donutman,7c15oEQBX6E0hGdDSsGxZy
Science Love (feat. GIRIBOY),Donutman,3dpy5C7eYBSPR9Uo9dsnE2
Own Way,Donutman,5voSksqTtfu9puyZqm9DDr
Lemonade,Donutman,3XtCtA3xWO9oasWGLp62qw
rehab,Donutman,766hDGvMdisDMliW3LLppM
New Beginning,Donutman,6kFYg1oFSuJyoTZZqqpp6j
Puff Puff Pass It (feat. Life of Hojj),Donutman,2MJyUGV24YRpvRNXMDWDUc
Me Again,Donutman,03zBkc5ZRC3ZETFV4Yppg9
Time Is Money,Donutman,4AgfVVLEgsY3Fl9QTdLWGO
Love Clarity (feat. Life of Hojj),Donutman,0jwsMtSHH9eO0IBOwELAoT
Never Change,Donutman,6kcFnhi1WYA38MTDTqHixM
Bruce Lee,Donutman,3knRYmQKq7KCjA47jI0NfP
Lil' Money Big Dream,Donutman,11hFsl9rNZJWGbM3uQJMi1
Ali (feat. Keem Hyo-Eun),Donutman,5FvDfe9eeC9R8pEGCXqpJH
"POISON (feat. Leellamarz, The Quiett)",Donutman,7BS8OziiBrFqMrtxxASvNI
Gyaru,Donutman,5FJ8txQFaBRSbUUFiogTRs
Me Again (feat. CRUCiAL STAR),Donutman,48iV53cfZRUdf85x6baFPJ
Exhibit,Donutman,5X9IISIm2MpxdS7cDIPgu4
No.1,Donutman,4ECmXULvaVPvrAPdpZT1uv
Smile,Donutman,1w0uoYAq7w4LK6Rovx0vGD
Wash Away (feat. Brown Tigger),Donutman,63GyTU9U7vg4Xc5a8g4j2C
"Quentin Tarantino (feat. G2, Khundi Panda)",Donutman,7L3AXv9yXJJiyb3fgx96h5
Cigarette (feat. Kidd King),Donutman,2T2pZYO5XpFSPydEN1wBBn
hurt pt.2,Donutman,4z9cb50uqR5HQ1Gig3auT6
데려갈게 (feat. The Quiett),Donutman,6bLmILPPDD2fHgLLD53cw6
Beer,Donutman,2mPIOgNGFxtsGJJjNVXZQe
PUFF JACKET (Feat. Kim Seungmin),Donutman,5dl5X5otPbAwMss6mNjDBH
Comfortable (feat. BLNK),Donutman,2AZQ8mXf3V0y8qrIuefokV
I Could Do Dead (feat. JUSTHIS),Dbo,6XQEZM1uwuHpsYLVEgYs73
Young CEO,Dbo,26ufPH76Z030Ea1c87hUdu
STICKY TOP (Feat. 양홍원),Dbo,5jH3gEMqXCzNzwe97iU5pe
One Hunnit,Dbo,3EVuHxRd8syOYUcPe0WQIk
I Know What I'm Doing,Dbo,5KGE9mqIl2rviurYiGqdNd
POP IT UP,Dbo,3D5i8oH4cCr0qktOZz5MG5
Championship,Dbo,5wBiRL4s1DxMQ1tsVsnaiU
Horse,Dbo,32ERc154apRqv3oe3n026R
Chojo,Dbobby,0rdeIeAEnbjoo3DAVJFsux
Peacock (feat. ZENE THE ZILLA),Dbo,6iCffi0f4iIe2lIPlMc5PP
Let it burn,Dbo,62fDbnnQajVJHibFLuHBQc
Early Money (Feat. Keith Ape),Dbo,54MgshTlySl2cp47rZOBuQ
홍길동 (Hong Gil-Dong),Dbo,7qhwOzOPNbrbpccPdFeJx9
반짝반짝,Dbo,34vMBrV1PDxkJkGsgF9rwp
RIP,Dbobby,6a5l1Tymkwgo3HweALeW9M
ROCKSTAR LIFESTYLE,Dbo,5NZfZJsyYEhdhEeeoMfpra
HERE,Dbo,24HBvf1Zqoi4bqaQbltytq
Real Purpose,Dbo,1h1TNivkHdNZ3fjUVRX4WJ
Space,Dbo,4EyBhLhjXPupgaLy7MCDE2
CHXPSTIX,Dbo,06OQBOkrs3ogINCR7GSx0n
HERE,Dbo,3xVZnJEoS5DD5tjgVppkRC
"세상에 (New World) (Feat. B-Free, Jeremy Quest)",Dbo,41A0H5MzVVt4DO8k9Q6Ii2
If You,Dbo,3EGeQgiJqUazpZlEka94EP
ROCKSTAR LIFESTYLE,Dbo,06Rs0WU2Csg9LSiDA7DBli
분홍 나비 (Ft. 원슈타인),Dbo,0uVKWY02DriPjFsu44jAz0
Gassed Up Cypher,Dbo,0Aaeiy3HPqzorZGeegetju
Real Die Fake Live,Dbo,3oBIEbMegAng0Tbwaz0OYh
FALLIN (Feat. 용용),D.Ark,6dRs7IYrqh5FTHJurw1sP9
Cold (Feat. SUPERBEE) (Prod. Way Ched),D.Ark,187yTccJjpINpPGWH1qtDy
Do My Best (Feat. Jessi) (Prod. Way Ched),D.Ark,7w115PrDV6KB1WrhQAtQsZ
GENIUS (Feat. CHANGMO),D.Ark,1NicxbS7NRiqclpy14WfCX
비밀 노래 (SECRET) (Feat. MELOH),D.Ark,3QFY5qZB5qXkyjMvY1vP0Z
1&ONLY,D.Ark,5F7nvuTnR20x6a3UyXetyv
119 LOVE,D.Ark,4t9TB4YMk2OKHPladyATtk
POTENTIAL,D.Ark,37l1sbhRO9lYT35XxFoBop
자살시도,D.Ark,11VIleaW8FRmNkKaOL9NKy
VV,D.Ark,4oncW4Jkjb4J99taLdQPKG
Numbers of Cases (Feat. CHANGMO) (Prod. Way Ched),D.Ark,7vOV2q2fHxvrREUtiYrkXx
잘 지내(Bye),D.Ark,2iSS8MPXXYpcU9tpf1vVfZ
生각,D.Ark,2GMdVOCHW8oDFaSRJBqcGs
가지마 (STAY) (Feat. twlv),D.Ark,4u6fUvTUB2C0MKdxJBjAyI
COUGH,D.Ark,0hGHIRvjNYWinBm2rpuROk
바람펴서 미안해(SHE'S GONE)(Feat.BE'O),D.Ark,6gngIgMFMnbUMSX1mdZ2K9
미성년자 (UNDERAGE),D.Ark,0isB6zzQ0n7Aw8Wwq0aSLF
SCUM (Feat. Moon Sujin),D.Ark,6p3Y4007fbyXPTbVW0nxfe
잠,D.Ark,6WG2W94TmO97VsVdpn1duc
TAUGHT ME HOW TO LUV (feat. Jhnovr),D.Ark,0x6lh2FFlx2D3lH633fFyH
SLUTT WANT HOE,D.Ark,162VE85rm7zQbFJM6yJMuH
1010(天天) (feat. TRADE L),D.Ark,6JpUDIXviQtSSjNv1XDfJA
AFTER 00 (feat. JI HYEON MIN & OSUN),D.Ark,05ikARyEu2jIVBJW9g20UA
너랑 비슷한 사람(A Similar To You),D.Ark,30Z11MVcauHViOgMqvvmWJ
취기에,D.Ark,0MrVXA7NPvJib1tJC866et
아침,D.Ark,1uTDYTjySenBx9vqjXgfuy
김우림(金雨霖),D.Ark,1j5uAP4deNnDWyrkyxSxMM
트랩중딩 (Feat. The Quiett),D.Ark,1jnIupjubdxk8YQ5wLnF7k
FXXK,D.Ark,28eJPMwdECzZsdsIAN7Qj8
SHE'S GONE(feat. BE'O),D.Ark,6QAhK5nwE4T9xKoTeS3SFh
